Spotify URI,Submitter ID,Created,Comment,Round ID
spotify:track:21pySLskKIKrhDziCX5ojQ,leide_mc,2021-04-22T22:33:42Z,,60808b47308bb700227a2bf2
spotify:track:7qvxFz3JodM0A7xEM7k3YD,12126302646,2021-04-22T20:23:00Z,,60808b47308bb700227a2bf2
spotify:track:6ie2Bw3xLj2JcGowOlcMhb,miss.pahia,2021-04-21T23:43:33Z,,60808b47308bb700227a2bf2
spotify:track:6ic8OlLUNEATToEFU3xmaH,r_rob,2021-04-21T23:38:19Z,Gimme More no VMA üíïüëØüíï,60808b47308bb700227a2bf2
spotify:track:0Rh1fcnWLMty7o2MU7PkME,12170704468,2021-04-21T22:43:12Z,,60808b47308bb700227a2bf2
spotify:track:22vgEDb5hykfaTwLuskFGD,12146171815,2021-04-21T21:55:54Z,"N√£o era minha primeira op√ß√£o, mas eu n√£o tinha muitas",60808b47308bb700227a2bf2
spotify:track:62BxlOvQCjLNQA5ARA4Dug,matheusfernal,2021-04-21T21:12:07Z,Depois do Day and Age a banda entrou em hiato e o Brandon Flowers at√© lan√ßou album solo. ,60808b47308bb700227a2bf2
spotify:track:2n4uOdMHzEvcZ0KP7iQnay,bsf19p2sjsugrfay2ziuj8gyt,2021-04-21T21:03:01Z,,60808b47308bb700227a2bf2
spotify:track:2goLsvvODILDzeeiT4dAoR,22evpvr2cw66zzkzvdaq2hxny,2021-04-21T21:01:59Z,"""In 1996 the New York Times dubbed her the ‚Äúqueen of the comeback‚Äù""",60808b47308bb700227a2bf2
spotify:track:2pmtavvgqZN52EePYxutgk,225u5rt6x6gyaesziy4u7dloi,2021-04-21T20:55:48Z,Uma pena que tbem flopou,60808b47308bb700227a2bf2
spotify:track:0Qh38w01QRXK6KHIv0e3hb,zjyemjcg33i8ho5sj0ofmi8j4,2021-04-21T20:45:10Z,,60808b47308bb700227a2bf2
spotify:track:7s0lDK7y3XLmI7tcsRAbW0,fctaboada,2021-04-21T20:43:24Z,,60808b47308bb700227a2bf2
spotify:track:0GWYApQBwErVPkyXYCTJjI,22mfwjofcaij3ecw3rmdvqs3y,2021-04-21T20:30:18Z,,60808b47308bb700227a2bf2
spotify:track:2moHnkHTSXBe9KjvPSQJvg,zjyemjcg33i8ho5sj0ofmi8j4,2021-04-26T14:59:36Z,,608501f173dd0300235b12e2
spotify:track:3NjEZ08bWZUZWGGLRjFHoZ,bsf19p2sjsugrfay2ziuj8gyt,2021-04-26T02:05:28Z,,608501f173dd0300235b12e2
spotify:track:3G0ENKW9vzV0SuYKaWFflI,leide_mc,2021-04-25T23:44:42Z,,608501f173dd0300235b12e2
spotify:track:3pUWV5hvXsI9diJ9TeNeCh,12126302646,2021-04-25T23:13:54Z,<3,608501f173dd0300235b12e2
spotify:track:6NFyWDv5CjfwuzoCkw47Xf,fctaboada,2021-04-25T22:10:38Z,,608501f173dd0300235b12e2
spotify:track:5PZH6m0d5JfpsnK1aAnK9g,r_rob,2021-04-25T20:43:48Z,,608501f173dd0300235b12e2
spotify:track:3zK3kzz1U8KEa8v9Kj8hu8,12146171815,2021-04-25T16:20:19Z,Hino demais,608501f173dd0300235b12e2
spotify:track:7mS8RbJji2UZAaguRGsOCH,225u5rt6x6gyaesziy4u7dloi,2021-04-25T16:03:16Z,,608501f173dd0300235b12e2
spotify:track:1pneXwGzRiIGUC7TjZtLgz,12170704468,2021-04-25T12:47:13Z,,608501f173dd0300235b12e2
spotify:track:2LVxvGhl2U5p2ql2ujc6vZ,matheusfernal,2021-04-25T12:21:14Z,What part of our history's reinvented and UNDER RUG SWEPT? ,608501f173dd0300235b12e2
spotify:track:4l7YIni9bAiGwWMqK5wvgV,miss.pahia,2021-04-25T09:08:12Z,,608501f173dd0300235b12e2
spotify:track:7yFfbiuDp0BbfnN3P1beN1,22evpvr2cw66zzkzvdaq2hxny,2021-04-25T07:04:41Z,Easter Egg: Tamb√©m serve pro tema que n√£o foi mas iria ser.,608501f173dd0300235b12e2
spotify:track:21RRhjnMsrvQpeQ10ptSBZ,22mfwjofcaij3ecw3rmdvqs3y,2021-04-25T05:55:20Z,,608501f173dd0300235b12e2
spotify:track:3U3BXlwNTkCx7lW9m1H9RY,12146171815,2021-04-28T23:59:44Z,Essa aqui era CERTO de tocar na Riachuelo. J√° dancei muito na loja ouvindo essa! ,6089ecd1f1d1d200221f743f
spotify:track:0J6cINt02c8UQqDG7vLShY,12126302646,2021-04-29T21:22:02Z,,6089ecd1f1d1d200221f743f
spotify:track:4kbj5MwxO1bq9wjT5g9HaA,22evpvr2cw66zzkzvdaq2hxny,2021-04-29T20:53:38Z,Vamos tentar.,6089ecd1f1d1d200221f743f
spotify:track:1GThrHo1eJgmO8hT3v1Oc7,bsf19p2sjsugrfay2ziuj8gyt,2021-04-29T17:04:57Z,,6089ecd1f1d1d200221f743f
spotify:track:1TnUURhehaoMWKAqQtirm6,zjyemjcg33i8ho5sj0ofmi8j4,2021-04-29T15:56:17Z,,6089ecd1f1d1d200221f743f
spotify:track:1rfofaqEpACxVEHIZBJe6W,leide_mc,2021-04-29T15:29:39Z,,6089ecd1f1d1d200221f743f
spotify:track:69bp2EbF7Q2rqc5N3ylezZ,r_rob,2021-04-29T07:27:27Z,,6089ecd1f1d1d200221f743f
spotify:track:4VrWlk8IQxevMvERoX08iC,miss.pahia,2021-04-29T04:34:58Z,,6089ecd1f1d1d200221f743f
spotify:track:4sUoWHVnJl8z3t4zdqf6xB,fctaboada,2021-04-29T00:12:46Z,,6089ecd1f1d1d200221f743f
spotify:track:7wlVp1Tpmci5q9368PAgAN,225u5rt6x6gyaesziy4u7dloi,2021-04-29T00:03:54Z,Ir ao shopping no natal √© pedir pra ouvir simone,6089ecd1f1d1d200221f743f
spotify:track:3MhdH8PxqH1FuQp3HBptUI,12170704468,2021-04-28T23:45:17Z,Quem nunca foi numa C&A e estava tocando essa m√∫sica?,6089ecd1f1d1d200221f743f
spotify:track:4qjBW0bGqddImVp7R2np0g,matheusfernal,2021-04-28T23:26:49Z,"N√£o sou um especialista no tema, tanto que achei que fosse m√∫sica cl√°ssica. Mas achei essa numa playlist R√°dio C&A e amo demais a banda. ",6089ecd1f1d1d200221f743f
spotify:track:3w3y8KPTfNeOKPiqUTakBh,22mfwjofcaij3ecw3rmdvqs3y,2021-04-28T23:17:38Z,,6089ecd1f1d1d200221f743f
spotify:track:7o1Pm9jpH0wFpN5g793Lnq,22mfwjofcaij3ecw3rmdvqs3y,2021-05-01T22:03:21Z,,608dce9feaed80002a8f6ced
spotify:track:0COqiPhxzoWICwFCS4eZcp,225u5rt6x6gyaesziy4u7dloi,2021-05-01T22:00:25Z,"Grita no refr√£o, grita na Bridge, grita o tempo todo e o pau n√£o vai em momento algum",608dce9feaed80002a8f6ced
spotify:track:6rkAY9rk1NTFB94QxG3LJR,fctaboada,2021-05-02T00:24:33Z,,608dce9feaed80002a8f6ced
spotify:track:1y0Ptl7dOU9sB3ISlJYYpU,12146171815,2021-05-01T22:55:01Z,,608dce9feaed80002a8f6ced
spotify:track:2vwlzO0Qp8kfEtzTsCXfyE,matheusfernal,2021-05-01T21:58:17Z,,608dce9feaed80002a8f6ced
spotify:track:0pQkyXUYyR00e1c9JV2FnB,bsf19p2sjsugrfay2ziuj8gyt,2021-05-02T18:00:05Z,,608dce9feaed80002a8f6ced
spotify:track:53rtcMuSdcWPziGzq7NhNX,22evpvr2cw66zzkzvdaq2hxny,2021-05-02T03:14:19Z,,608dce9feaed80002a8f6ced
spotify:track:3KINzbRKjG9j33vLwa3eNZ,zjyemjcg33i8ho5sj0ofmi8j4,2021-05-01T22:02:15Z,,608dce9feaed80002a8f6ced
spotify:track:4eHbdreAnSOrDDsFfc4Fpm,leide_mc,2021-05-02T23:00:22Z,,608dce9feaed80002a8f6ced
spotify:track:31er9IGsfFbwqy1pH4aiTP,12170704468,2021-05-02T18:22:38Z,,608dce9feaed80002a8f6ced
spotify:track:5IaR621NoOM6i5KTcuNRHM,miss.pahia,2021-05-02T18:20:17Z,N√£o sei vcs mas a explos√£o dessa m√∫sica me arrepia at√© o √∫ltimo pelo do cy.,608dce9feaed80002a8f6ced
spotify:track:37Q5anxoGWYdRsyeXkkNoI,12146171815,2021-05-04T13:47:18Z,Eu amo TANTO essa,60913ec1f870f300288dedfc
spotify:track:7qvmmQMaJ9EdxeFChIyNhu,bsf19p2sjsugrfay2ziuj8gyt,2021-05-04T14:51:23Z,"Mais casamento imposs√≠vel. Ela √© a madrinha do samba, nome do √°lbum ‚ÄúA Madrinha do Samba Convida‚Äù , n√£o √© clich√™ afinal um samb√£o no meio do cas√≥rio e ainda por cima quem n√£o quer ter algu√©m que tem ‚Äú tanto querer (querer) e fazer a Terra tremer (tremeeer).",60913ec1f870f300288dedfc
spotify:track:0TwBtDAWpkpM3srywFVOV5,miss.pahia,2021-05-05T08:02:14Z,,60913ec1f870f300288dedfc
spotify:track:2WfaOiMkCvy7F5fcp2zZ8L,leide_mc,2021-05-04T23:52:09Z,,60913ec1f870f300288dedfc
spotify:track:1yjY7rpaAQvKwpdUliHx0d,22mfwjofcaij3ecw3rmdvqs3y,2021-05-04T20:19:15Z,"Hey Breno, seu lindo. Exceto por alguns pequenos detalhes na letra, aqui est√° uma declara√ß√£o do que eu sinto por voc√™. <3",60913ec1f870f300288dedfc
spotify:track:2VFTgZwiAdrADSLrUNHWt9,22evpvr2cw66zzkzvdaq2hxny,2021-05-04T17:59:00Z,,60913ec1f870f300288dedfc
spotify:track:1DR2KXb0UvibcLsdDGVwwt,r_rob,2021-05-04T16:04:59Z,,60913ec1f870f300288dedfc
spotify:track:3BYY6EvwqAIBnRZVHi1XMG,matheusfernal,2021-05-04T14:58:46Z,"N√£o era o que eu queria pra categoria mas enfim, a ditadura chegou num ponto de eu n√£o poder escolher o que vai tocar no MEU CASAMENTO! EDIT: Tinha colocado a vers√£o original do The Trurtles, que j√° foi tema de filme mas tava ouvindo This Is King Princess e veio essa que eu n√£o conhecia! :O Troquei pra tentar fugir do clich√™. Oremos, pois eh menos agitada.",60913ec1f870f300288dedfc
spotify:track:6qn9YLKt13AGvpq9jfO8py,12170704468,2021-05-04T14:38:28Z,,60913ec1f870f300288dedfc
spotify:track:4NeOWqHmlrGRuBvsLJC9rL,fctaboada,2021-05-04T14:17:48Z,,60913ec1f870f300288dedfc
spotify:track:6SKwQghsR8AISlxhcwyA9R,225u5rt6x6gyaesziy4u7dloi,2021-05-04T13:40:22Z,,60913ec1f870f300288dedfc
spotify:track:2iuZJX9X9P0GKaE93xcPjk,zjyemjcg33i8ho5sj0ofmi8j4,2021-05-04T13:04:21Z,,60913ec1f870f300288dedfc
spotify:track:4uhSo9cVBVpdDCNxf4MBaP,12142420857,2021-05-07T15:52:51Z,"Recomendo assistirem o clipe, que faz parte do Tropico (curta-metragem contendo 3 clipes do EP Paradise), √© o segundo clipe do video. Link: https://www.youtube.com/watch?v=VwuHOQLSpEg  No curta ela come√ßa sendo Eva no Para√≠so e quando ela comete o pecado de comer a ma√ßa proibida, ela encarna na Terra como uma prostituta que vive uma vida prom√≠scua de bebidas e drogas.  Ela canta ‚Äúeu e Deus n√£o nos damos bem‚Äù e ‚ÄúDeus est√° morto, eu disse que isso est√° ok para mim‚Äù, o que seria resultado das escolhas dela que v√£o contra as prega√ß√µes crist√£s. Al√©m disso, a vida que ela leva na Terra √© melanc√≥lica e infeliz. H√° uma compara√ß√£o com o estilo de vida de Jim Morrison, o vocalista da banda The Doors, que ficou conhecido por suas pol√™micas como o v√≠cio em √°lcool e drogas, que o levou √† morte aos 27 anos.  Os f√£s amam essa m√∫sica, por√©m a Lana n√£o canta mais ela em NENHUM show, provavelmente pelas letras: ""God's dead, I said Baby, that's alright with me"" e ""Me and God, we don‚Äôt get along"".  Algu√©m asssiste AMERICAN HORROR STORY? Essa m√∫sica apareceu na 4 temporada (Freak Show), com a Jessica Lange cantando ela no epis√≥dio 3, aqui: https://www.youtube.com/watch?v=4tCuf3SGHTU",609539ce705d960025abf345
spotify:track:75zMKn5euxQdlkZgu4P42J,12170704468,2021-05-07T19:04:53Z,Essa playlist merecia a vers√£o da Claudia Ohana mas n√£o tem...kkk Achei um assalto!,609539ce705d960025abf345
spotify:track:7nKxH2mfBx9A6iKhNQtuuA,22evpvr2cw66zzkzvdaq2hxny,2021-05-07T19:00:44Z,,609539ce705d960025abf345
spotify:track:5AOiTHljucQ0deCnlWbn9J,22evpvr2cw66zzkzvdaq2hxny,2021-05-07T19:00:44Z,,609539ce705d960025abf345
spotify:track:6HHtTXPyBTJsLQT0y3afnm,12142420857,2021-05-07T15:52:51Z,"Avril Lavigne: ‚ÄúEu escrevi ‚ÄòI Fell In Love With The Devil‚Äô como um lembrete constante a mim mesma de que algumas das pessoas mais obscuras nesse mundo podem estar disfar√ßadas de anjos. Isso continuar√° a me lembrar do meu valor e do que eu mere√ßo como mulher. √Äs vezes n√£o √© f√°cil se afastar de quem gostamos, mas eu estou t√£o cansada do sofrimento e da dor de cabe√ßa. Eu sei o que eu mere√ßo. Por favor, permita que a minha m√∫sica seja o seu lembrete para n√£o deixar as pessoas te deixarem para baixo. Agora √© hora de quebrar a porra desse ciclo, √© preciso enterrar todas as rela√ß√µes t√≥xicas e todas as coisas que as pessoas tem feito de negativo, no passado, no PRESENTE e no futuro.  Eu vou enterrar o trauma e toda melancolia constante que relacionamentos mal resolvidos podem trazer. Vou fechar o caix√£o e nunca olhar para tr√°s.  Que voc√™ descanse em paz, Avril.‚Äù",609539ce705d960025abf345
spotify:track:5A8jUZatix87xG0Zj6HSKG,12126302646,2021-05-07T17:00:06Z,M√∫sica sobre um celestial na terra,609539ce705d960025abf345
spotify:track:4P76CEIXrrWT2cgS1YrTMr,12146171815,2021-05-07T20:25:36Z,Perfeita,609539ce705d960025abf345
spotify:track:2Qum5WtYwxa4Xq5lHxdVbB,miss.pahia,2021-05-07T22:13:11Z,Toca Raul!!!,609539ce705d960025abf345
spotify:track:2qJkesdHu9sMMVFgkRkqhQ,12126302646,2021-05-07T17:00:06Z,M√∫sica sobre um anjo ca√≠do,609539ce705d960025abf345
spotify:track:1zG8GtQ2xSNFvqz2eIfH1j,leide_mc,2021-05-07T23:50:35Z,,609539ce705d960025abf345
spotify:track:33CjuUtvEPWDbGcCBYrRSG,leide_mc,2021-05-07T23:50:35Z,,609539ce705d960025abf345
spotify:track:129lYDVKnWtlJc2PZJviuA,fctaboada,2021-05-07T23:19:41Z,,609539ce705d960025abf345
spotify:track:1Wj0h3MIeATuBNnxnbAmEu,fctaboada,2021-05-07T23:19:41Z,,609539ce705d960025abf345
spotify:track:3w3y8KPTfNeOKPiqUTakBh,r_rob,2021-05-07T23:04:03Z,,609539ce705d960025abf345
spotify:track:1JJTcAtBMIA6B6QlzQxvM2,r_rob,2021-05-07T23:04:03Z,,609539ce705d960025abf345
spotify:track:4eLGLrUxi7A525Ud5eQcY0,miss.pahia,2021-05-07T22:13:11Z,,609539ce705d960025abf345
spotify:track:1daDRI9ahBonbWD8YcxOIB,12146171815,2021-05-07T20:25:36Z,Essa eu poderia encaixar nos dois temas mas vou focar no hell mesmo,609539ce705d960025abf345
spotify:track:4yDLW1kpgN7RGa6wCtxlL8,bsf19p2sjsugrfay2ziuj8gyt,2021-05-07T19:55:28Z,,609539ce705d960025abf345
spotify:track:4PhQnSpfaGNkzp03AqW5E5,bsf19p2sjsugrfay2ziuj8gyt,2021-05-07T19:55:28Z,,609539ce705d960025abf345
spotify:track:1CHRhhxaQGca5bv67N96PP,12170704468,2021-05-07T19:04:53Z,,609539ce705d960025abf345
spotify:track:4jfgUvR8H7QXpVCX87gO1Z,matheusfernal,2021-05-07T18:47:48Z,C√©u,609539ce705d960025abf345
spotify:track:1UGD3lW3tDmgZfAVDh6w7r,matheusfernal,2021-05-07T18:47:48Z,Inferno,609539ce705d960025abf345
spotify:track:14wPnCr1Z8CIHBVpnpcTVt,22mfwjofcaij3ecw3rmdvqs3y,2021-05-07T16:38:36Z,,609539ce705d960025abf345
spotify:track:1jq28NGw6wdtFKx8MBPy6C,22mfwjofcaij3ecw3rmdvqs3y,2021-05-07T16:38:36Z,,609539ce705d960025abf345
spotify:track:2EWF34V9N4fs3RC8s72N5x,zjyemjcg33i8ho5sj0ofmi8j4,2021-05-07T16:10:18Z,,609539ce705d960025abf345
spotify:track:2kONpeXXK70YEs7c0UQbmq,zjyemjcg33i8ho5sj0ofmi8j4,2021-05-07T16:10:18Z,,609539ce705d960025abf345
spotify:track:67BtfxlNbhBmCDR2L2l8qd,225u5rt6x6gyaesziy4u7dloi,2021-05-07T13:20:49Z,,609539ce705d960025abf345
spotify:track:7F25roCtYi55JouckaayPC,225u5rt6x6gyaesziy4u7dloi,2021-05-07T13:20:49Z,N√£o preciso de outra m√∫sica quando se tem essa que cita os dois. BEIJOS,609539ce705d960025abf345
spotify:track:7Jh1bpe76CNTCgdgAdBw4Z,matheusfernal,2021-05-11T20:23:10Z,Quem xingar que √© longa vai ouvir Girl from Rio que ser√° completamente esquecida assim que sair o pr√≥ximo single de Aninha,609951d38f0975002193cb8c
spotify:track:27RMOe94tNnKGisTjeVDzg,bsf19p2sjsugrfay2ziuj8gyt,2021-05-11T20:29:00Z,,609951d38f0975002193cb8c
spotify:track:4mKlzy0qaK1c2Qw5e2VqpF,fctaboada,2021-05-11T20:01:11Z,,609951d38f0975002193cb8c
spotify:track:0qcr5FMsEO85NAQjrlDRKo,12142420857,2021-05-11T04:38:44Z,,609951d38f0975002193cb8c
spotify:track:5DJGyHhas36jlD3ImtTJdo,22mfwjofcaij3ecw3rmdvqs3y,2021-05-11T04:21:13Z,"De todas as m√∫sicas da Demi que tivemos at√© agora, essa √© DEFINITIVAMENTE a melhor.",609951d38f0975002193cb8c
spotify:track:31zKFSstX7qPq9K8cxFt0I,22evpvr2cw66zzkzvdaq2hxny,2021-05-11T04:07:40Z,,609951d38f0975002193cb8c
spotify:track:0vy1K9FhCK8woHW7MKEcBG,zjyemjcg33i8ho5sj0ofmi8j4,2021-05-11T02:10:51Z,,609951d38f0975002193cb8c
spotify:track:7a53HqqArd4b9NF4XAmlbI,ohugobarros,2021-05-10T18:37:28Z,um pouco da joia do pop pra voc√™s. ,609951d38f0975002193cb8c
spotify:track:4yNn51ET98nOpFL1j4PhL7,r_rob,2021-05-10T17:29:02Z,,609951d38f0975002193cb8c
spotify:track:5ChkMS8OtdzJeqyybCc9R5,12170704468,2021-05-10T17:11:20Z,Em homenagem ao Matheus que reclama at√© hj de n√£o repararem na primeira frase. ü§≠,609951d38f0975002193cb8c
spotify:track:3vu864xi5Xis9VfOsJpmXu,leide_mc,2021-05-10T16:25:57Z,,609951d38f0975002193cb8c
spotify:track:4SNtBMJa7Wpk1tJzMSUv9B,12146171815,2021-05-10T16:20:50Z,A primeira e melhor m√∫sica que conheci deles ‚ù§Ô∏è,609951d38f0975002193cb8c
spotify:track:2dLLR6qlu5UJ5gk0dKz0h3,miss.pahia,2021-05-10T15:50:40Z,,609951d38f0975002193cb8c
spotify:track:1mea3bSkSGXuIRvnydlB5b,225u5rt6x6gyaesziy4u7dloi,2021-05-10T15:37:44Z,Long live the king!,609951d38f0975002193cb8c
spotify:track:1zv5ce0HHLD90EByNsgBfD,225u5rt6x6gyaesziy4u7dloi,2021-05-13T21:07:24Z,"Vai essa porque ROUBARAM minha m√∫sica. E eu queria colocar essa no tema de casamento, mesmo sendo sobre um relacionamento flopando",609d87ab1347bc0023ca22ea
spotify:track:2f8FHYOkBjxnNxBWXWBpsG,bsf19p2sjsugrfay2ziuj8gyt,2021-05-15T19:42:25Z,,609d87ab1347bc0023ca22ea
spotify:track:3Yh9lZcWyKrK9GjbhuS0hR,12170704468,2021-05-15T18:35:45Z,,609d87ab1347bc0023ca22ea
spotify:track:3GXo1eWlT2flv4x01l5OTu,fctaboada,2021-05-14T20:17:22Z,,609d87ab1347bc0023ca22ea
spotify:track:7fx2rt43UfclOOulPwBYk2,r_rob,2021-05-14T14:44:33Z,Fogo da paix√£oüî• ‚ù§Ô∏è üíï ‚ò∫Ô∏è üôà ,609d87ab1347bc0023ca22ea
spotify:track:2GgxS8bUT5G25QJTsfSv0R,matheusfernal,2021-05-14T14:34:44Z,Melhor fase dela. Se pudesse duas colocava essa e Explosions,609d87ab1347bc0023ca22ea
spotify:track:5QIA7Vtt3RDf5mCaOlvHkn,jljuy9tsb8xcymc70firnt814,2021-05-14T05:16:05Z,Sess√£o nostalgia ativada com sucesso! ,609d87ab1347bc0023ca22ea
spotify:track:6z7mOTf4O20AApGsTNn7fC,12142420857,2021-05-14T05:12:00Z,,609d87ab1347bc0023ca22ea
spotify:track:7DOeJ4e5iYaG53VBnKtwbR,leide_mc,2021-05-14T01:41:50Z,,609d87ab1347bc0023ca22ea
spotify:track:26mhkMU2TuOez5xLcxwwA4,12146171815,2021-05-13T21:31:03Z,,609d87ab1347bc0023ca22ea
spotify:track:5g3ZD7PmrEQlQZKDW91yGG,miss.pahia,2021-05-13T21:00:35Z,,609d87ab1347bc0023ca22ea
spotify:track:2p6ngzmbXJKMN9huhU5oIB,22evpvr2cw66zzkzvdaq2hxny,2021-05-13T20:42:24Z,,609d87ab1347bc0023ca22ea
spotify:track:73CMRj62VK8nUS4ezD2wvi,zjyemjcg33i8ho5sj0ofmi8j4,2021-05-13T20:25:20Z,,609d87ab1347bc0023ca22ea
spotify:track:2akkzRZ5HADuMZ03TlyxSR,ohugobarros,2021-05-13T20:21:58Z,fogo no c* e gritaria ,609d87ab1347bc0023ca22ea
spotify:track:6MFI0q4IuG2uJKXgqRlsOq,22mfwjofcaij3ecw3rmdvqs3y,2021-05-13T20:11:10Z,,609d87ab1347bc0023ca22ea
spotify:track:1KNaZZndrJsf50qZJmwRiy,jljuy9tsb8xcymc70firnt814,2021-05-17T19:46:13Z,"Fode comigo sem avisar ningu√©m. A gente cola, deita e rola. S√≥ no ratatat√° #QUERO",60a2c0917cf2550022d5da74
spotify:track:7rvW49PvaFKGyfeoxay9Go,12170704468,2021-05-18T02:31:38Z,,60a2c0917cf2550022d5da74
spotify:track:6Uv2Su7AqBKc3fEajCqD4V,bsf19p2sjsugrfay2ziuj8gyt,2021-05-19T13:46:28Z,,60a2c0917cf2550022d5da74
spotify:track:3DSlhJ4e2Rrs7Z8KgfOU7K,12146171815,2021-05-19T13:46:01Z,Um hino desses?,60a2c0917cf2550022d5da74
spotify:track:4lB4FEqUleSNxg2BeVbmIK,fctaboada,2021-05-19T11:52:27Z,,60a2c0917cf2550022d5da74
spotify:track:77TElJdpImw8cSv6t4mCIr,zjyemjcg33i8ho5sj0ofmi8j4,2021-05-19T04:46:48Z,,60a2c0917cf2550022d5da74
spotify:track:6dYRZjDa16Vy378t889vuT,r_rob,2021-05-18T23:41:53Z,Eu sei que tu tem... PIROC√ÉO! oc√™ vai me dar.... PIROC√ÉO!,60a2c0917cf2550022d5da74
spotify:track:1eG9ihI0kvYy8LdbKTSN5B,leide_mc,2021-05-18T01:50:08Z,,60a2c0917cf2550022d5da74
spotify:track:0YzjPi1GXRX5CbhVWbBqYl,miss.pahia,2021-05-17T22:19:56Z,Vai Luan!,60a2c0917cf2550022d5da74
spotify:track:29K9e80R1v6OesMQiUJ5AC,matheusfernal,2021-05-17T21:43:28Z,N√£o para relaxa vem senta aqui na minha cara ‚ù§Ô∏è,60a2c0917cf2550022d5da74
spotify:track:6j0rJqNogo6EIHA1rODCif,ohugobarros,2021-05-17T20:39:41Z,existe m√∫sica baixo n√≠vel q n tenha mc carol em sua composi√ß√£o?,60a2c0917cf2550022d5da74
spotify:track:7aUZM3W6RA8k47eqP985Kc,225u5rt6x6gyaesziy4u7dloi,2021-05-17T20:30:12Z,,60a2c0917cf2550022d5da74
spotify:track:6zyL6I6jYjTgNInFigLOEX,22evpvr2cw66zzkzvdaq2hxny,2021-05-17T20:14:44Z,Acho essa m√∫sica genuinamente rom√¢ntica. √â uma putaria t√£o consentida e compartilhada. <3,60a2c0917cf2550022d5da74
spotify:track:6rmmUAr6RY43JjvFYRUuWK,12142420857,2021-05-17T19:27:18Z,,60a2c0917cf2550022d5da74
spotify:track:7euUgEaockJ6kkqsRyOMIW,22mfwjofcaij3ecw3rmdvqs3y,2021-05-17T19:14:39Z,,60a2c0917cf2550022d5da74
spotify:track:6tvQzeCPwOytDlBYCIOY0n,22mfwjofcaij3ecw3rmdvqs3y,2021-05-21T17:02:44Z,M√∫sica que descobri aleatoriamente por indica√ß√£o do Spotify uns anos atr√°s e nunca mais parei de ouvir,60a7ba793eaeff0022c7038e
spotify:track:3y4LxiYMgDl4RethdzpmNe,22mfwjofcaij3ecw3rmdvqs3y,2021-05-21T17:02:44Z,La√ßos de Fam√≠lia <3,60a7ba793eaeff0022c7038e
spotify:track:2qQpFbqqkLOGySgNK8wBXt,ohugobarros,2021-05-21T19:32:40Z,s√≥ as xenof√≥bicas n d√£o cora√ß√£o,60a7ba793eaeff0022c7038e
spotify:track:3W3KtDwAIg3mAruSpnfG3Q,ohugobarros,2021-05-21T19:32:40Z,"ser√° q algu√©m vai comentar ""safe""?",60a7ba793eaeff0022c7038e
spotify:track:1bRjwdtScY2eMe9uMmsOkG,bsf19p2sjsugrfay2ziuj8gyt,2021-05-23T20:53:43Z,,60a7ba793eaeff0022c7038e
spotify:track:4oB9UvwZUkic3nWWZKULqs,bsf19p2sjsugrfay2ziuj8gyt,2021-05-23T20:53:43Z,,60a7ba793eaeff0022c7038e
spotify:track:2N5zMZX7YeL1tico8oQxa9,fctaboada,2021-05-23T14:12:33Z,,60a7ba793eaeff0022c7038e
spotify:track:74irxdVWstNlEQjsvArITq,fctaboada,2021-05-23T14:12:33Z,,60a7ba793eaeff0022c7038e
spotify:track:43BCxznTSBLcXzu4lJ8KW5,miss.pahia,2021-05-23T06:55:05Z,"Sei que essa rodada n√£o √© de clipe, mas esse clipe me deixa umedecida",60a7ba793eaeff0022c7038e
spotify:track:5wG7UpUik9lpxUWjQFadPo,miss.pahia,2021-05-23T06:55:05Z,Resolvi fingir ser rom√¢ntica nessa rodada,60a7ba793eaeff0022c7038e
spotify:track:0KDaN0HL3TcJVTbXlQCEsS,12170704468,2021-05-22T19:10:28Z,,60a7ba793eaeff0022c7038e
spotify:track:6SpVp6ttad3XJOsjKBZwaq,12170704468,2021-05-22T19:10:28Z,,60a7ba793eaeff0022c7038e
spotify:track:3qBz8RFR5dLIWUJsQ6PTX0,r_rob,2021-05-22T00:22:47Z,,60a7ba793eaeff0022c7038e
spotify:track:5AMWj2Dc7oNb4qCHb5cOad,r_rob,2021-05-22T00:22:47Z,,60a7ba793eaeff0022c7038e
spotify:track:3ph6xHCshx5N8gLncLxm3O,225u5rt6x6gyaesziy4u7dloi,2021-05-21T19:15:55Z,,60a7ba793eaeff0022c7038e
spotify:track:62yJjFtgkhUrXktIoSjgP2,225u5rt6x6gyaesziy4u7dloi,2021-05-21T19:15:55Z,,60a7ba793eaeff0022c7038e
spotify:track:0D0K9uv987EwknjnyVNRE0,22evpvr2cw66zzkzvdaq2hxny,2021-05-21T18:06:49Z,,60a7ba793eaeff0022c7038e
spotify:track:79z9QkhHePTFsSeVw9uyj0,22evpvr2cw66zzkzvdaq2hxny,2021-05-21T18:06:49Z,,60a7ba793eaeff0022c7038e
spotify:track:67vYdAAM3oGsEImCRfbtsF,leide_mc,2021-05-21T15:45:58Z,,60a7ba793eaeff0022c7038e
spotify:track:4WM22pqXRZkcdrp7alhjsv,leide_mc,2021-05-21T15:45:58Z,,60a7ba793eaeff0022c7038e
spotify:track:5X3ahLXhOw16BR09GjYPUT,jljuy9tsb8xcymc70firnt814,2021-05-21T15:24:45Z,,60a7ba793eaeff0022c7038e
spotify:track:1L5tZi0izXsi5Kk5OJf4W0,jljuy9tsb8xcymc70firnt814,2021-05-21T15:24:45Z,Nou Nou Nou,60a7ba793eaeff0022c7038e
spotify:track:7nCBOm2WiTUPAx3TeG2rZA,12142420857,2021-05-21T14:55:50Z,,60a7ba793eaeff0022c7038e
spotify:track:27wvjuKafcmKhoLcBcJ0uO,12142420857,2021-05-21T14:55:50Z,,60a7ba793eaeff0022c7038e
spotify:track:0V4LaOkdQm1sJwNerXcxMl,12146171815,2021-05-21T14:38:56Z,,60a7ba793eaeff0022c7038e
spotify:track:29Srmzqyig5Tg5EitFXsb8,12146171815,2021-05-21T14:38:56Z,,60a7ba793eaeff0022c7038e
spotify:track:7r4Y2Z10DO44Ju82dpb4ve,matheusfernal,2021-05-21T14:29:00Z,üè≥Ô∏è‚Äç‚öß,60a7ba793eaeff0022c7038e
spotify:track:5fRUC8B4mVENgnWd3WImdw,matheusfernal,2021-05-21T14:29:00Z,üè≥Ô∏è‚Äçüåà,60a7ba793eaeff0022c7038e
spotify:track:0GX5oOKtU0nnx5OkhenW2i,zjyemjcg33i8ho5sj0ofmi8j4,2021-05-21T13:55:01Z,,60a7ba793eaeff0022c7038e
spotify:track:7BKLCZ1jbUBVqRi2FVlTVw,zjyemjcg33i8ho5sj0ofmi8j4,2021-05-21T13:55:01Z,,60a7ba793eaeff0022c7038e
spotify:track:0Cewf6IL8xSF9MpVAsd1Dh,bsf19p2sjsugrfay2ziuj8gyt,2021-05-28T15:36:03Z,No final de tudo √© isso n√©. ,60ae7d3bd940d0002347fb2e
spotify:track:65qfqXncAHuQKC3PsRvUl4,12142420857,2021-05-28T12:41:59Z,‚ù§Ô∏è,60ae7d3bd940d0002347fb2e
spotify:track:7H8zey5My6uNdD2TxeCb9F,r_rob,2021-05-28T00:49:04Z,,60ae7d3bd940d0002347fb2e
spotify:track:7q587HLz90L2PFrhKZjIYa,12146171815,2021-05-27T14:03:07Z,,60ae7d3bd940d0002347fb2e
spotify:track:3FPUFltTjg6ClUL2wr9ux6,ohugobarros,2021-05-26T23:18:04Z,"eu queria a vers√£o live in Roseland, mas n tem no spotify :(",60ae7d3bd940d0002347fb2e
spotify:track:5qnqjE7qUirbwaJZgIOhiX,jljuy9tsb8xcymc70firnt814,2021-05-26T22:22:39Z,Claramente eu tentando terminar qualquer coisa. ,60ae7d3bd940d0002347fb2e
spotify:track:35J9vakuC3f18QTolNAQ6E,miss.pahia,2021-05-26T22:12:36Z,,60ae7d3bd940d0002347fb2e
spotify:track:75H1nPsyaOk8gToEtUk8gt,zjyemjcg33i8ho5sj0ofmi8j4,2021-05-26T22:08:15Z,,60ae7d3bd940d0002347fb2e
spotify:track:7KkMLDmjFz15U6HP89SWlq,leide_mc,2021-05-26T21:04:48Z,"Certeza que receberei chuva de üí©, ent√£o üëåüèª üôâüôà",60ae7d3bd940d0002347fb2e
spotify:track:2gRGPTcYmVmzZ9JjA7kLkj,matheusfernal,2021-05-26T20:41:49Z,Eu sofri muito nessa √©poca pq al√©m da sa√≠da da Geri ser risco do fim do grupo (o que de fato aconteceu logo mais) ainda tinha bulling do meu melhor amigo que falava que no clipe caia papel higi√™nico em cima da Emma (que √© minha fave),60ae7d3bd940d0002347fb2e
spotify:track:41BpxcEBCUU6S4JWxj52nC,22evpvr2cw66zzkzvdaq2hxny,2021-05-26T20:28:37Z,,60ae7d3bd940d0002347fb2e
spotify:track:1COly0kisSWSrcUQkXUMcF,225u5rt6x6gyaesziy4u7dloi,2021-05-26T19:09:24Z,Vamos finalizar sofrendo com o reizinho,60ae7d3bd940d0002347fb2e
spotify:track:0t2YZYla0Q91hbxy5HgIiF,12170704468,2021-05-26T17:57:15Z,Como terminar um relacionamento com classe:,60ae7d3bd940d0002347fb2e
spotify:track:1LHJFQvjlsbNMdaUfATEDi,fctaboada,2021-05-26T17:31:28Z,"J√° que a nunca vem a playlist do fim do mundo, vamos usar a m√∫sica :)",60ae7d3bd940d0002347fb2e
spotify:track:0lrHD7zneeeiLwkli1YftR,22mfwjofcaij3ecw3rmdvqs3y,2021-05-26T17:14:27Z,,60ae7d3bd940d0002347fb2e
